{"names": ["Aninha", "Anjinho", "Astronauta", "Barnabe", "Bidu", "Bloguinho", "Bolota", "Carmem_da_Esquina", "Carminha_Frufru", "Cascao", "Cebolinha", "Chico_Bento", "Chovinista", "Coelho_Caolho", "Cranicola", "Cremilda_Clotilde", "Crianca", "Denise", "Do_Contra", "Dona_Cebola", "Dona_Cegonha", "Dona_Coelha", "Dona_Cotinha", "Dona_Dulce", "Dona_Lala", "Dona_Lili", "Dona_Luisa", "Dona_Lurdinha", "Dona_Morte", "Dona_Natalia", "Dona_Pedra", "Dona_Perpetua", "Doutor_Olimpo", "Dudu", "Duque", "Floquinho", "Franjinha", "G_Adulto", "G_Alien", "G_Animal", "G_Anjo_Santo", "G_Bebe", "G_Coelhinhos", "G_Crianca", "G_Dinossauro", "G_Fantasma", "G_Flor", "G_Gato", "G_Genio_da_Lampada", "G_Inseto", "G_Macaco_Sudito", "G_Multidao", "G_Tombaniano", "Hiro", "Horacio", "Humberto", "Iracema", "Jeremias", "Jotalhao", "Jurema", "Lobi", "Louco", "Luis_Caxeiro", "Macaco_Sudito", "Magali", "Manezinho", "Manfredo", "Maria_Cafufa", "Maria_Cascuda", "Maria_Cebolinha", "Marina", "Mingau", "Mirela_Siriguela", "Monica", "Monicao", "Muminho", "Nho_Lau", "Nico_Demo", "Nimbus", "Ogra", "Paje", "Papa_Capim", "Penadinho", "Pipa", "Piteco", "Potira", "Prefeito", "Primo_Zeca", "Professora_Marocas", "Quinzinho", "Raposao", "Rei_Leonino", "Rita_Najura", "Rolo", "Rosinha", "S_", "S_Dudu", "Sansao", "Seu_Cebola", "Seu_Leocadio", "Seu_Quinzao", "Seu_Tonico", "Tarugo", "Thuga", "Tina", "Titi", "Tonhao_da_Rua_de_Baixo", "Ursinho_Bilu", "Xabeu", "Xaveco", "Ze_Caveirinha", "Ze_Esquecido", "Ze_Lele", "Ze_Luis", "Ze_Vampir", "Ze_da_Roca", "Zecao"], "nc": 117, "args": {"imgsz": 256, "batch": 16}, "model_type": "yolov5", "yaml": {"nc": 117, "depth_multiple": 0.33, "width_multiple": 0.5, "anchors": [[10, 13, 16, 30, 33, 23], [30, 61, 62, 45, 59, 119], [116, 90, 156, 198, 373, 326]], "backbone": [[-1, 1, "Focus", [64, 3]], [-1, 1, "Conv", [128, 3, 2]], [-1, 3, "BottleneckCSP", [128]], [-1, 1, "Conv", [256, 3, 2]], [-1, 9, "BottleneckCSP", [256]], [-1, 1, "Conv", [512, 3, 2]], [-1, 9, "BottleneckCSP", [512]], [-1, 1, "Conv", [1024, 3, 2]], [-1, 1, "SPP", [1024, [5, 9, 13]]], [-1, 3, "BottleneckCSP", [1024, false]]], "head": [[-1, 1, "Conv", [512, 1, 1]], [-1, 1, "nn.Upsample", ["None", 2, "nearest"]], [[-1, 6], 1, "Concat", [1]], [-1, 3, "BottleneckCSP", [512, false]], [-1, 1, "Conv", [256, 1, 1]], [-1, 1, "nn.Upsample", ["None", 2, "nearest"]], [[-1, 4], 1, "Concat", [1]], [-1, 3, "BottleneckCSP", [256, false]], [-1, 1, "Conv", [256, 3, 2]], [[-1, 14], 1, "Concat", [1]], [-1, 3, "BottleneckCSP", [512, false]], [-1, 1, "Conv", [512, 3, 2]], [[-1, 10], 1, "Concat", [1]], [-1, 3, "BottleneckCSP", [1024, false]], [[17, 20, 23], 1, "Detect", ["nc", "anchors"]]], "ch": 3}}